id,temperature_c,temperature_f,humidity,wind_speed,wind_direction,timestamp,pressure,ambientweatherbatteryok,ambientweathertemp,ambientweatherhumidity,ambientweatherwinddirection,ambientweatherwindspeed,ambientweatherwindmaxspeed,ambientweatherrain,ambientweatheruv,ambientweatheruvi,ambientweatherlightlux,image_url
754,17.38506123815314,63.293110228675644,27.856018873161965,1.148,209,2024-11-20 11:01:46,1015.6967246469226,t,17.4,31,209,1.148,1.53,3.81,1701,4,60878,https://solar-tracker-images.s3.us-east-2.amazonaws.com/weather_images/2024-11-20T17-01-50-309Z_image.jpg
755,16.52614602455869,61.747062844205644,26.943058664647033,1.53,156,2024-11-20 11:07:07,1015.6458593251816,t,17.3,29,156,1.53,2.04,3.81,1737,4,61925,https://solar-tracker-images.s3.us-east-2.amazonaws.com/weather_images/2024-11-20T17-07-12-337Z_image.jpg
756,16.449911348061867,61.60984042651136,27.729037229910066,1.211,288,2024-11-20 11:08:08,1015.766629051875,t,17.2,30,288,1.211,2.04,3.81,1741,4,62103,https://solar-tracker-images.s3.us-east-2.amazonaws.com/weather_images/2024-11-20T17-08-12-631Z_image.jpg
757,16.571886861888924,61.829396351400064,27.424625074233447,0.956,11,2024-11-20 11:09:08,1015.7190273300168,t,17.1,30,11,0.956,2.04,3.81,1737,4,61928,https://solar-tracker-images.s3.us-east-2.amazonaws.com/weather_images/2024-11-20T17-09-13-004Z_image.jpg
758,17.31390818278887,63.16503472901997,26.445568772883913,3.5,273,2024-11-20 11:10:08,1015.6910237976294,t,17,31,273,3.5,4.48,4.5,1750,4,62310,https://solar-tracker-images.s3.us-east-2.amazonaws.com/weather_images/2024-11-20T17-10-12-234Z_image.jpg
759,17.40030832886696,63.32055499196053,24.309980381774988,0.892,332,2024-11-20 11:34:45,1015.6130585508722,t,18.3,27,332,0.892,2.55,3.81,1843,4,65121,https://solar-tracker-images.s3.us-east-2.amazonaws.com/weather_images/2024-11-20T17-34-49-555Z_image.jpg
760,18.000029307999647,64.40005275439937,24.528259006135517,1.53,134,2024-11-20 11:35:45,1015.5713804719478,t,18.4,26,134,1.53,2.04,3.81,1843,4,65112,https://solar-tracker-images.s3.us-east-2.amazonaws.com/weather_images/2024-11-20T17-35-49-051Z_image.jpg
761,18.279561657464363,64.90321098343586,24.332352135503296,2.295,341,2024-11-20 11:36:49,1015.5851110543924,t,18.5,27,341,2.295,4.08,3.81,1861,4,65528,https://solar-tracker-images.s3.us-east-2.amazonaws.com/weather_images/2024-11-20T17-36-53-832Z_image.jpg
762,17.715415456728078,63.88774782211054,24.663501457099517,0.892,323,2024-11-20 11:37:54,1015.603263885386,t,18.6,27,323,0.892,1.53,3.81,1856,4,65413,https://solar-tracker-images.s3.us-east-2.amazonaws.com/weather_images/2024-11-20T17-37-57-996Z_image.jpg
763,17.705250693205745,63.86945124777034,24.32809079070998,0.892,189,2024-11-20 11:38:58,1015.5600025527741,t,18.6,27,189,0.892,1.02,3.81,1852,4,65386,https://solar-tracker-images.s3.us-east-2.amazonaws.com/weather_images/2024-11-20T17-39-03-018Z_image.jpg
764,18.086430122010643,64.55557421961916,23.936187598404715,0.956,214,2024-11-20 11:40:03,1015.5201061325694,t,18.7,27,214,0.956,2.04,3.81,1852,4,65308,https://solar-tracker-images.s3.us-east-2.amazonaws.com/weather_images/2024-11-20T17-40-08-200Z_image.jpg
765,17.913628578098724,64.2445314405777,23.98023763984546,1.785,276,2024-11-20 11:41:04,1015.4874550116218,t,18.7,26,276,1.785,2.55,3.81,1861,4,65609,https://solar-tracker-images.s3.us-east-2.amazonaws.com/weather_images/2024-11-20T17-41-08-639Z_image.jpg
766,17.903463791875403,64.22623482537573,23.727235383627693,1.211,343,2024-11-20 11:42:04,1015.5793428126693,t,18.7,27,343,1.211,1.53,3.81,1865,4,65739,https://solar-tracker-images.s3.us-east-2.amazonaws.com/weather_images/2024-11-20T17-42-08-166Z_image.jpg
767,17.60868549780571,63.695633896050275,23.973380338227695,1.02,1,2024-11-20 11:43:09,1015.4057383782701,t,18.7,27,1,1.02,1.53,3.81,1861,4,65541,https://solar-tracker-images.s3.us-east-2.amazonaws.com/weather_images/2024-11-20T17-43-12-936Z_image.jpg
768,18.33038581559085,64.99469446806353,23.024268727103586,5.46,280,2024-11-20 11:44:13,1015.5039682553403,t,18.7,26,280,5.46,10.08,4.5,1865,4,65712,https://solar-tracker-images.s3.us-east-2.amazonaws.com/weather_images/2024-11-20T17-44-17-788Z_image.jpg
769,18.16266620422248,64.69279916760047,23.404739688959136,0.446,12,2024-11-20 11:45:18,1015.4525571119368,t,18.7,27,12,0.446,0.51,3.81,1856,4,65482,https://solar-tracker-images.s3.us-east-2.amazonaws.com/weather_images/2024-11-20T17-45-22-994Z_image.jpg
770,18.630248940945602,65.53444809370208,22.80989451612862,0.701,128,2024-11-20 11:46:18,1015.5226778900226,t,18.6,27,128,0.701,1.02,3.81,1861,4,65627,https://solar-tracker-images.s3.us-east-2.amazonaws.com/weather_images/2024-11-20T17-46-23-156Z_image.jpg
771,18.4828584645933,65.26914523626795,23.38308962016303,7.28,309,2024-11-20 11:47:18,1015.4497852203574,t,18.6,26,309,7.28,8.96,4.5,1865,4,65698,https://solar-tracker-images.s3.us-east-2.amazonaws.com/weather_images/2024-11-20T17-47-23-214Z_image.jpg
772,17.898381399200296,64.21708651856054,23.666819798567467,1.148,4,2024-11-20 11:48:19,1015.5712248545206,t,18.6,26,4,1.148,1.53,3.81,1852,4,65371,https://solar-tracker-images.s3.us-east-2.amazonaws.com/weather_images/2024-11-20T17-48-23-328Z_image.jpg
773,18.564177317830037,65.41551917209406,24.064310959801798,1.594,328,2024-11-20 11:49:19,1015.4442884794927,t,18.6,26,328,1.594,3.57,3.81,1861,4,65533,https://solar-tracker-images.s3.us-east-2.amazonaws.com/weather_images/2024-11-20T17-49-23-632Z_image.jpg
774,19.072421838581796,66.33035930944723,23.3358029400132,1.785,172,2024-11-20 11:50:19,1015.4431304180405,t,18.6,26,172,1.785,3.57,3.81,1852,4,65350,https://solar-tracker-images.s3.us-east-2.amazonaws.com/weather_images/2024-11-20T17-50-23-912Z_image.jpg
775,17.91871097164694,64.25367974896449,23.84239757462022,1.849,206,2024-11-20 11:51:19,1015.4955721473696,t,18.6,26,206,1.849,3.06,3.81,1861,4,65526,https://solar-tracker-images.s3.us-east-2.amazonaws.com/weather_images/2024-11-20T17-51-28-904Z_image.jpg
776,18.335468233004214,65.00384281940758,22.952415746835364,0.701,287,2024-11-20 11:52:19,1015.2956898967357,t,18.5,26,287,0.701,1.02,3.81,1874,4,65919,https://solar-tracker-images.s3.us-east-2.amazonaws.com/weather_images/2024-11-20T17-52-24-114Z_image.jpg
777,18.015276504360372,64.42749770784867,23.007422160614478,0.319,313,2024-11-20 11:53:19,1015.3794496346443,t,18.5,26,313,0.319,0.51,3.81,1861,4,65535,https://solar-tracker-images.s3.us-east-2.amazonaws.com/weather_images/2024-11-20T17-53-23-988Z_image.jpg
778,18.00511170649552,64.40920107169194,23.040825314925993,1.02,356,2024-11-20 11:54:24,1015.3902536606746,t,18.6,26,356,1.02,1.53,3.81,1856,4,65493,https://solar-tracker-images.s3.us-east-2.amazonaws.com/weather_images/2024-11-20T17-54-28-762Z_image.jpg
779,17.82722793230787,64.08901027815416,22.90365171205851,1.658,341,2024-11-20 11:55:29,1015.430549065858,t,18.6,26,341,1.658,3.06,3.81,1874,4,65947,https://solar-tracker-images.s3.us-east-2.amazonaws.com/weather_images/2024-11-20T17-55-33-733Z_image.jpg
780,18.416786951199175,65.15021651215852,22.276747029113412,1.02,42,2024-11-20 11:56:34,1015.2631717811813,t,18.6,26,42,1.02,2.04,3.81,1865,4,65759,https://solar-tracker-images.s3.us-east-2.amazonaws.com/weather_images/2024-11-20T17-56-38-716Z_image.jpg
781,18.355797905568032,65.04043623002246,22.008669912295332,0.446,333,2024-11-20 11:57:39,1015.3551883333407,t,18.6,26,333,0.446,0.51,3.81,1865,4,65699,https://solar-tracker-images.s3.us-east-2.amazonaws.com/weather_images/2024-11-20T17-57-43-802Z_image.jpg
782,18.33038581559085,64.99469446806353,22.246745436554463,2.231,316,2024-11-20 11:58:39,1015.3146265489254,t,18.6,26,316,2.231,3.06,3.81,1856,4,65506,https://solar-tracker-images.s3.us-east-2.amazonaws.com/weather_images/2024-11-20T17-58-43-770Z_image.jpg
783,18.8589587853814,65.94612581368652,22.75780302362921,0.446,338,2024-11-20 11:59:44,1015.3733614670122,t,18.7,27,338,0.446,0.51,3.81,1865,4,65762,https://solar-tracker-images.s3.us-east-2.amazonaws.com/weather_images/2024-11-20T17-59-48-642Z_image.jpg
784,18.38121000282117,65.08617800507811,22.664086381189104,1.339,156,2024-11-20 12:00:49,1015.2063943136134,t,18.7,26,156,1.339,2.55,3.81,1861,4,65597,https://solar-tracker-images.s3.us-east-2.amazonaws.com/weather_images/2024-11-20T18-00-53-977Z_image.jpg
785,18.116924547037343,64.61046418466722,22.033879929527917,1.402,273,2024-11-20 12:01:49,1015.4065645145424,t,18.7,26,273,1.402,2.04,3.81,1870,4,65805,https://solar-tracker-images.s3.us-east-2.amazonaws.com/weather_images/2024-11-20T18-01-53-789Z_image.jpg
786,18.066100511146942,64.5189809200645,22.393981466208682,0.446,207,2024-11-20 12:02:54,1015.2713432070134,t,18.7,27,207,0.446,1.02,3.81,1870,4,65890,https://solar-tracker-images.s3.us-east-2.amazonaws.com/weather_images/2024-11-20T18-02-58-506Z_image.jpg
787,17.94412294375361,64.2994212987565,21.918900567230605,0.829,4,2024-11-20 12:03:59,1015.2658366740906,t,18.7,27,4,0.829,1.02,3.81,1870,4,65891,https://solar-tracker-images.s3.us-east-2.amazonaws.com/weather_images/2024-11-20T18-04-03-179Z_image.jpg
788,18.015276504360372,64.42749770784867,22.02653681071854,0.956,56,2024-11-20 12:05:04,1015.4064848508201,t,18.8,27,56,0.956,1.02,3.81,1874,4,65915,https://solar-tracker-images.s3.us-east-2.amazonaws.com/weather_images/2024-11-20T18-05-08-676Z_image.jpg
789,18.503188170917564,65.30573870765161,21.181098768364222,1.721,198,2024-11-20 12:06:04,1015.3740090035826,t,18.8,26,198,1.721,2.55,3.81,1874,4,66030,https://solar-tracker-images.s3.us-east-2.amazonaws.com/weather_images/2024-11-20T18-06-09-199Z_image.jpg
790,18.13217176347971,64.63790917426348,21.581246070382388,1.211,251,2024-11-20 12:07:05,1015.3768284905061,t,18.8,26,251,1.211,2.04,3.81,1879,4,66081,https://solar-tracker-images.s3.us-east-2.amazonaws.com/weather_images/2024-11-20T18-07-09-073Z_image.jpg
791,18.29480890184641,64.93065602332354,21.60827484440549,0.765,355,2024-11-20 12:08:09,1015.2578411515337,t,18.8,26,355,0.765,1.02,3.81,1883,4,66239,https://solar-tracker-images.s3.us-east-2.amazonaws.com/weather_images/2024-11-20T18-08-13-994Z_image.jpg
792,18.259232002362843,64.86661760425312,21.284193592361486,1.148,291,2024-11-20 12:09:14,1015.2551482520744,t,18.6,26,291,1.148,2.04,3.81,1879,4,66111,https://solar-tracker-images.s3.us-east-2.amazonaws.com/weather_images/2024-11-20T18-09-18-902Z_image.jpg
793,17.95937013051007,64.32686623491813,21.383751481674096,0.956,115,2024-11-20 12:10:19,1015.2631491576838,t,18.5,26,115,0.956,2.04,3.81,1883,4,66238,https://solar-tracker-images.s3.us-east-2.amazonaws.com/weather_images/2024-11-20T18-10-23-621Z_image.jpg
794,18.528600310371257,65.35148055866826,21.273950184806683,0.574,27,2024-11-20 12:11:24,1015.3063369192328,t,18.5,26,27,0.574,1.02,3.81,1879,4,66090,https://solar-tracker-images.s3.us-east-2.amazonaws.com/weather_images/2024-11-20T18-11-28-740Z_image.jpg
795,18.543847597535933,65.37892567556469,21.140906147299926,1.275,300,2024-11-20 12:12:24,1015.2494950730747,t,18.5,26,300,1.275,1.53,3.81,1879,4,66166,https://solar-tracker-images.s3.us-east-2.amazonaws.com/weather_images/2024-11-20T18-12-28-551Z_image.jpg
796,19.12324645072804,66.42184361131046,20.654323301679497,3.889,347,2024-11-20 12:13:29,1015.199209037133,t,18.5,26,347,3.889,8.16,3.81,2103,5,72605,https://solar-tracker-images.s3.us-east-2.amazonaws.com/weather_images/2024-11-20T18-13-33-070Z_image.jpg
797,18.762392334733157,65.77230620251969,20.59129259721103,0.892,358,2024-11-20 12:14:33,1015.246372616746,t,18.5,26,358,0.892,1.02,3.81,2094,5,72409,https://solar-tracker-images.s3.us-east-2.amazonaws.com/weather_images/2024-11-20T18-14-37-820Z_image.jpg
798,18.9707727016008,66.14739086288144,20.34539826123468,0.765,341,2024-11-20 12:15:38,1015.1456082130202,t,18.4,25,341,0.765,1.53,3.81,2099,5,72474,https://solar-tracker-images.s3.us-east-2.amazonaws.com/weather_images/2024-11-20T18-15-42-269Z_image.jpg
799,19.194400956627213,66.54992172192898,21.049517519133286,1.084,346,2024-11-20 12:16:43,1015.1772497337195,t,18.3,26,346,1.084,1.53,3.81,2094,5,72396,https://solar-tracker-images.s3.us-east-2.amazonaws.com/weather_images/2024-11-20T18-16-47-381Z_image.jpg
800,18.89453592526261,66.0101646654727,21.387029850199024,1.02,303,2024-11-20 12:17:43,1015.2947558239274,t,18.3,26,303,1.02,1.53,3.81,2099,5,72512,https://solar-tracker-images.s3.us-east-2.amazonaws.com/weather_images/2024-11-20T18-17-46-954Z_image.jpg
801,19.392617380991577,66.90671128578484,21.00863867158938,0.829,9,2024-11-20 12:18:47,1015.1681938456999,t,18.3,26,9,0.829,1.02,3.81,2099,5,72446,https://solar-tracker-images.s3.us-east-2.amazonaws.com/weather_images/2024-11-20T18-18-52-184Z_image.jpg
802,19.16898862654343,66.50417952777818,20.072016365989903,1.785,339,2024-11-20 12:19:48,1015.2179840361226,t,18.4,25,339,1.785,2.55,3.81,2099,5,72454,https://solar-tracker-images.s3.us-east-2.amazonaws.com/weather_images/2024-11-20T18-19-51-600Z_image.jpg
803,19.331627664808185,66.79692979665474,20.651577625304082,1.402,359,2024-11-20 12:20:52,1015.0980588431808,t,18.5,25,359,1.402,2.04,3.81,2094,5,72391,https://solar-tracker-images.s3.us-east-2.amazonaws.com/weather_images/2024-11-20T18-20-55-858Z_image.jpg
804,20.104167166445404,68.18750089960173,19.745358466363665,0.637,343,2024-11-20 12:21:56,1015.1092538608095,t,18.5,26,343,0.637,1.02,3.81,2099,5,72446,https://solar-tracker-images.s3.us-east-2.amazonaws.com/weather_images/2024-11-20T18-22-00-839Z_image.jpg
805,19.972021774970926,67.94963919494766,19.773068060077737,0.892,338,2024-11-20 12:23:01,1015.0343619664723,t,18.5,26,338,0.892,2.55,3.81,2108,5,72718,https://solar-tracker-images.s3.us-east-2.amazonaws.com/weather_images/2024-11-20T18-23-05-295Z_image.jpg
806,20.10924968543113,68.19664943377603,20.18841781795895,1.02,69,2024-11-20 12:24:06,1015.0359740361903,t,18.5,27,69,1.02,2.55,3.81,2094,5,72375,https://solar-tracker-images.s3.us-east-2.amazonaws.com/weather_images/2024-11-20T18-24-10-361Z_image.jpg
807,19.936444203188877,67.88559956573998,20.245347293032083,2.678,335,2024-11-20 12:25:06,1015.0319226330946,t,18.6,26,335,2.678,4.08,3.81,2108,5,72747,https://solar-tracker-images.s3.us-east-2.amazonaws.com/weather_images/2024-11-20T18-25-10-050Z_image.jpg
808,18.589589474746028,65.46126105454285,21.177789481738476,0.574,6,2024-11-20 12:26:10,1015.07894772801,t,18.7,25,6,0.574,1.02,3.81,2103,5,72542,https://solar-tracker-images.s3.us-east-2.amazonaws.com/weather_images/2024-11-20T18-26-14-574Z_image.jpg
809,19.575586780998854,67.23605620579794,20.304332233903285,0.956,348,2024-11-20 12:27:15,1015.0262579993754,t,18.7,25,348,0.956,1.02,3.81,2108,5,72753,https://solar-tracker-images.s3.us-east-2.amazonaws.com/weather_images/2024-11-20T18-27-19-433Z_image.jpg
810,20.27697297523264,68.49855135541875,19.006284561322307,1.402,171,2024-11-20 12:28:20,1015.0046770073127,t,18.7,25,171,1.402,2.04,3.81,2108,5,72697,https://solar-tracker-images.s3.us-east-2.amazonaws.com/weather_images/2024-11-20T18-28-24-826Z_image.jpg
811,19.18931849002838,66.54077328205108,20.054594786603726,0.829,199,2024-11-20 12:29:21,1014.9795464701009,t,18.7,25,199,0.829,1.53,3.81,2108,5,72796,https://solar-tracker-images.s3.us-east-2.amazonaws.com/weather_images/2024-11-20T18-29-24-468Z_image.jpg
812,19.911031660647133,67.83985698916484,19.476520316256025,1.721,325,2024-11-20 12:30:25,1014.9914390771892,t,18.7,24,325,1.721,2.55,3.81,2050,5,71019,https://solar-tracker-images.s3.us-east-2.amazonaws.com/weather_images/2024-11-20T18-30-30-388Z_image.jpg
813,19.5806692697166,67.24520468548988,19.02559396772804,1.339,36,2024-11-20 12:31:26,1015.0072552709004,t,18.6,25,36,1.339,1.53,3.81,2050,5,71031,https://solar-tracker-images.s3.us-east-2.amazonaws.com/weather_images/2024-11-20T18-31-29-726Z_image.jpg
814,19.05717446061317,66.3029140291037,18.965384005981914,1.721,330,2024-11-20 12:32:30,1015.0396883687605,t,18.6,25,330,1.721,2.55,3.81,2059,5,71352,https://solar-tracker-images.s3.us-east-2.amazonaws.com/weather_images/2024-11-20T18-32-34-662Z_image.jpg
815,19.011432342423358,66.22057821636204,18.950787277872173,0.829,293,2024-11-20 12:33:35,1014.9125971970606,t,18.6,25,293,0.829,1.53,3.81,2054,5,71206,https://solar-tracker-images.s3.us-east-2.amazonaws.com/weather_images/2024-11-20T18-33-39-653Z_image.jpg
816,18.59467190700234,65.47040943260421,19.515677613775242,1.53,305,2024-11-20 12:34:40,1014.9517564098932,t,18.6,24,305,1.53,3.57,3.81,2050,5,71004,https://solar-tracker-images.s3.us-east-2.amazonaws.com/weather_images/2024-11-20T18-34-44-446Z_image.jpg
817,19.636576664820314,67.34583799667656,19.13942476141453,1.594,244,2024-11-20 12:35:45,1014.852407963377,t,18.5,24,244,1.594,2.55,3.81,2063,5,71407,https://solar-tracker-images.s3.us-east-2.amazonaws.com/weather_images/2024-11-20T18-35-49-175Z_image.jpg
818,19.184236023720587,66.53162484269706,19.114715657911827,0.701,316,2024-11-20 12:36:50,1014.8089325840748,t,18.5,24,316,0.701,1.53,3.81,2063,5,71397,https://solar-tracker-images.s3.us-east-2.amazonaws.com/weather_images/2024-11-20T18-36-54-573Z_image.jpg
819,19.66707162244711,67.4007289204048,19.02736911742913,0.637,353,2024-11-20 12:37:50,1014.8196767965626,t,18.5,24,353,0.637,1.02,3.81,2063,5,71424,https://solar-tracker-images.s3.us-east-2.amazonaws.com/weather_images/2024-11-20T18-37-54-775Z_image.jpg
820,20.170239935960854,68.30643188472953,18.81693607004753,1.402,274,2024-11-20 12:38:50,1014.8347141053854,t,18.6,24,274,1.402,2.04,3.81,2063,5,71426,https://solar-tracker-images.s3.us-east-2.amazonaws.com/weather_images/2024-11-20T18-38-54-849Z_image.jpg
821,19.545091854804195,67.18116533864755,18.728220497079352,1.912,295,2024-11-20 12:39:50,1014.7337532811533,t,18.6,24,295,1.912,2.55,3.81,2063,5,71378,https://solar-tracker-images.s3.us-east-2.amazonaws.com/weather_images/2024-11-20T18-39-54-796Z_image.jpg
822,19.529844395635884,67.1537199121446,18.922635872808414,2.614,326,2024-11-20 12:40:55,1014.7636609048058,t,18.6,25,326,2.614,4.08,3.81,2063,5,71399,https://solar-tracker-images.s3.us-east-2.amazonaws.com/weather_images/2024-11-20T18-40-59-096Z_image.jpg
823,19.62641168127302,67.32754102629144,18.680330812728982,1.275,341,2024-11-20 12:41:59,1014.7277956040989,t,18.6,24,341,1.275,2.04,3.81,2059,5,71340,https://solar-tracker-images.s3.us-east-2.amazonaws.com/weather_images/2024-11-20T18-42-05-165Z_image.jpg
824,19.794134058669442,67.629441305605,19.337512182885927,0.574,163,2024-11-20 12:43:01,1014.6967771672046,t,18.6,24,163,0.574,1.02,3.81,2063,5,71417,https://solar-tracker-images.s3.us-east-2.amazonaws.com/weather_images/2024-11-20T18-43-06-332Z_image.jpg
825,19.865289102407406,67.75752038433333,18.780529411745263,0.574,330,2024-11-20 12:44:02,1014.6474249320255,t,18.6,24,330,0.574,1.02,3.81,2059,5,71345,https://solar-tracker-images.s3.us-east-2.amazonaws.com/weather_images/2024-11-20T18-44-06-082Z_image.jpg
826,19.33671013955609,66.80607825120096,19.67793518937024,0.956,1,2024-11-20 12:45:06,1014.5101426591857,t,18.6,24,1,0.956,1.02,3.81,2063,5,71421,https://solar-tracker-images.s3.us-east-2.amazonaws.com/weather_images/2024-11-20T18-45-10-936Z_image.jpg
827,19.285885405173758,66.71459372931277,19.652412046964432,1.339,332,2024-11-20 12:46:11,1014.7000639879813,t,18.7,24,332,1.339,2.04,3.81,2059,5,71260,https://solar-tracker-images.s3.us-east-2.amazonaws.com/weather_images/2024-11-20T18-46-16-502Z_image.jpg
828,19.05209200187237,66.29376560337028,19.297344909405176,0.637,318,2024-11-20 12:47:12,1014.7337094809606,t,18.9,24,318,0.637,1.53,3.81,2063,5,71419,https://solar-tracker-images.s3.us-east-2.amazonaws.com/weather_images/2024-11-20T18-47-16-863Z_image.jpg
829,18.96569024780765,66.13824244605377,18.825626829054023,0.892,14,2024-11-20 12:48:12,1014.8125920637573,t,19,24,14,0.892,1.53,3.81,2059,5,71296,https://solar-tracker-images.s3.us-east-2.amazonaws.com/weather_images/2024-11-20T18-48-17-358Z_image.jpg
830,19.4485246576427,67.00734438375686,18.416998780390816,1.53,319,2024-11-20 12:49:13,1014.6611944165178,t,19,24,319,1.53,3.06,3.81,2054,5,71175,https://solar-tracker-images.s3.us-east-2.amazonaws.com/weather_images/2024-11-20T18-49-16-861Z_image.jpg
831,19.2553905785142,66.65970304132556,18.010681544374933,0.637,356,2024-11-20 12:50:17,1014.7056445628434,t,19.1,23,356,0.637,1.02,3.81,2054,5,71179,https://solar-tracker-images.s3.us-east-2.amazonaws.com/weather_images/2024-11-20T18-50-22-077Z_image.jpg
832,18.803051880095154,65.84549338417128,18.32428283237475,0.255,15,2024-11-20 12:51:18,1014.6615861482984,t,19.2,23,15,0.255,0.51,3.81,2059,5,71265,https://solar-tracker-images.s3.us-east-2.amazonaws.com/weather_images/2024-11-20T18-51-21-882Z_image.jpg
833,19.2553905785142,66.65970304132556,18.187743856009796,0.446,31,2024-11-20 12:52:22,1014.6514682804493,t,19.5,24,31,0.446,0.51,3.81,2054,5,71164,https://solar-tracker-images.s3.us-east-2.amazonaws.com/weather_images/2024-11-20T18-52-26-931Z_image.jpg
834,19.174071091978114,66.5133279655606,18.252280963218507,0.319,10,2024-11-20 12:53:27,1014.6843917121898,t,19.5,23,10,0.319,0.51,3.81,2059,5,71245,https://solar-tracker-images.s3.us-east-2.amazonaws.com/weather_images/2024-11-20T18-53-31-894Z_image.jpg
835,19.158823696547188,66.48588265378494,18.1699924569185,0.574,320,2024-11-20 12:54:32,1014.578839595233,t,19.6,24,320,0.574,1.02,3.81,2054,5,71225,https://solar-tracker-images.s3.us-east-2.amazonaws.com/weather_images/2024-11-20T18-54-37-442Z_image.jpg
836,19.402782337763348,66.92500820797403,17.94858336069787,0.51,10,2024-11-20 12:55:33,1014.5883161227736,t,19.6,24,10,0.51,1.02,3.81,2050,5,71107,https://solar-tracker-images.s3.us-east-2.amazonaws.com/weather_images/2024-11-20T18-55-37-505Z_image.jpg
837,18.975855155684986,66.15653928023298,18.81965309099873,0.956,124,2024-11-20 12:56:33,1014.5309610262487,t,19.7,24,124,0.956,1.02,3.81,2054,5,71237,https://solar-tracker-images.s3.us-east-2.amazonaws.com/weather_images/2024-11-20T18-56-43-130Z_image.jpg
838,20.088919611234452,68.16005530022201,17.84490970639312,1.02,182,2024-11-20 12:57:33,1014.5424816987542,t,19.8,24,182,1.02,1.02,3.81,2050,5,71075,https://solar-tracker-images.s3.us-east-2.amazonaws.com/weather_images/2024-11-20T18-57-38-698Z_image.jpg
839,19.885619125381346,67.79411442568642,17.25579266985501,0.382,9,2024-11-20 12:58:34,1014.3815344105319,t,19.9,24,9,0.382,1.02,3.81,2054,5,71196,https://solar-tracker-images.s3.us-east-2.amazonaws.com/weather_images/2024-11-20T18-58-38-710Z_image.jpg
840,19.850041588232852,67.73007485881914,17.479160349198697,0.98,29,2024-11-20 12:59:39,1014.4333468085186,t,19.9,23,29,0.98,1.12,4.5,2054,5,71227,https://solar-tracker-images.s3.us-east-2.amazonaws.com/weather_images/2024-11-20T18-59-43-429Z_image.jpg
841,19.107999064028263,66.39439831525087,18.29398167626967,1.658,259,2024-11-20 13:00:44,1014.4978469471291,t,19.9,22,259,1.658,3.06,3.81,2059,5,71269,https://solar-tracker-images.s3.us-east-2.amazonaws.com/weather_images/2024-11-20T19-00-48-306Z_image.jpg
842,19.778886556718497,67.6019958020933,17.70413513087211,1.976,294,2024-11-20 13:01:49,1014.3742751520388,t,20.1,22,294,1.976,4.59,3.81,2050,5,71031,https://solar-tracker-images.s3.us-east-2.amazonaws.com/weather_images/2024-11-20T19-01-53-298Z_image.jpg
843,19.71789657510817,67.4922138351947,17.745752943315033,0.255,357,2024-11-20 13:02:54,1014.4127049558632,t,20.2,23,357,0.255,0.51,3.81,2050,5,71084,https://solar-tracker-images.s3.us-east-2.amazonaws.com/weather_images/2024-11-20T19-02-58-418Z_image.jpg
844,20.02284690225497,68.04112442405895,17.005298837181243,0.765,353,2024-11-20 13:03:54,1014.301689989319,t,20.3,23,353,0.765,1.02,3.81,2050,5,71072,https://solar-tracker-images.s3.us-east-2.amazonaws.com/weather_images/2024-11-20T19-03-58-808Z_image.jpg
845,20.063507025036962,68.11431264506653,17.04215213100236,0.637,352,2024-11-20 13:04:54,1014.3392879502868,t,20.4,22,352,0.637,1.02,3.81,2045,5,70964,https://solar-tracker-images.s3.us-east-2.amazonaws.com/weather_images/2024-11-20T19-04-58-476Z_image.jpg
846,19.270637990534304,66.68714838296175,17.157715333426257,0.255,359,2024-11-20 13:05:59,1014.3777905280948,t,20.5,23,359,0.255,0.51,3.81,2045,5,70938,https://solar-tracker-images.s3.us-east-2.amazonaws.com/weather_images/2024-11-20T19-06-03-411Z_image.jpg
847,19.331627664808185,66.79692979665474,16.62334157201163,0.701,14,2024-11-20 13:06:59,1014.2311334350942,t,20.5,22,14,0.701,1.02,3.81,2045,5,70871,https://solar-tracker-images.s3.us-east-2.amazonaws.com/weather_images/2024-11-20T19-07-03-534Z_image.jpg
848,20.160074891295515,68.28813480433193,16.69916052652721,0.382,345,2024-11-20 13:08:04,1014.357366986411,t,20.6,23,345,0.382,0.51,3.81,2045,5,70851,https://solar-tracker-images.s3.us-east-2.amazonaws.com/weather_images/2024-11-20T19-08-09-251Z_image.jpg
849,19.61116420813487,67.30009557464277,17.08052192874572,2.104,14,2024-11-20 13:09:05,1014.3511614981669,t,20.7,23,14,2.104,3.57,3.81,2050,5,71108,https://solar-tracker-images.s3.us-east-2.amazonaws.com/weather_images/2024-11-20T19-09-09-521Z_image.jpg
850,19.692484095139662,67.44647137125139,16.95473137899042,1.211,176,2024-11-20 13:10:05,1014.3451314157905,t,20.8,22,176,1.211,1.53,3.81,2041,5,70787,https://solar-tracker-images.s3.us-east-2.amazonaws.com/weather_images/2024-11-20T19-10-10-155Z_image.jpg
851,20.053341992595232,68.09601558667141,16.992737376636747,1.02,174,2024-11-20 13:11:06,1014.350230372629,t,20.8,22,174,1.02,1.53,3.81,2045,5,70868,https://solar-tracker-images.s3.us-east-2.amazonaws.com/weather_images/2024-11-20T19-11-10-227Z_image.jpg
852,19.50951445415267,67.1171260174748,17.11308499489706,1.339,163,2024-11-20 13:12:06,1014.3789824526456,t,20.8,23,163,1.339,2.04,3.81,2045,5,70953,https://solar-tracker-images.s3.us-east-2.amazonaws.com/weather_images/2024-11-20T19-12-09-970Z_image.jpg
853,20.129579764284426,68.23324357571197,16.894772771767133,2.614,16,2024-11-20 13:13:10,1014.3088315280578,t,20.7,23,16,2.614,4.08,3.81,2045,5,70869,https://solar-tracker-images.s3.us-east-2.amazonaws.com/weather_images/2024-11-20T19-13-14-235Z_image.jpg
854,19.9008666456677,67.82155996220186,17.11649734340344,0.765,25,2024-11-20 13:14:15,1014.2973469351476,t,20.6,22,25,0.765,1.02,3.81,2045,5,70896,https://solar-tracker-images.s3.us-east-2.amazonaws.com/weather_images/2024-11-20T19-14-19-661Z_image.jpg
855,19.65690663540736,67.38243194373325,17.687659463864644,1.658,217,2024-11-20 13:15:15,1014.3155857306474,t,20.6,23,217,1.658,2.04,3.81,2041,5,70753,https://solar-tracker-images.s3.us-east-2.amazonaws.com/weather_images/2024-11-20T19-15-19-381Z_image.jpg
856,19.636576664820314,67.34583799667656,18.009832508054888,1.53,29,2024-11-20 13:16:20,1014.3103177624698,t,20.6,21,29,1.53,3.06,3.81,2045,5,70851,https://solar-tracker-images.s3.us-east-2.amazonaws.com/weather_images/2024-11-20T19-16-23-905Z_image.jpg
857,20.185487505141644,68.33387750925496,16.215283497550292,0.574,355,2024-11-20 13:17:24,1014.3435578367773,t,20.8,22,355,0.574,1.02,3.81,2041,5,70834,https://solar-tracker-images.s3.us-east-2.amazonaws.com/weather_images/2024-11-20T19-17-28-850Z_image.jpg
858,19.76872155687306,67.58369880237152,15.476704281996536,1.339,341,2024-11-20 13:18:29,1014.276759983586,t,20.8,22,341,1.339,2.04,3.81,2041,5,70796,https://solar-tracker-images.s3.us-east-2.amazonaws.com/weather_images/2024-11-20T19-18-33-304Z_image.jpg
859,20.154992369399405,68.27898626491893,15.673113533645637,0.574,327,2024-11-20 13:19:34,1014.2950243255785,t,20.8,22,327,0.574,1.02,3.81,2032,5,70582,https://solar-tracker-images.s3.us-east-2.amazonaws.com/weather_images/2024-11-20T19-19-39-650Z_image.jpg
860,20.170239935960854,68.30643188472953,15.594650289417933,1.339,275,2024-11-20 13:20:35,1014.4006730610631,t,20.8,21,275,1.339,2.04,3.81,2041,5,70778,https://solar-tracker-images.s3.us-east-2.amazonaws.com/weather_images/2024-11-20T19-20-40-330Z_image.jpg
861,20.205817601457237,68.37047168262302,16.031171611673294,0.892,205,2024-11-20 13:21:36,1014.2945273755638,t,20.8,21,205,0.892,1.53,3.81,2032,5,70589,https://solar-tracker-images.s3.us-east-2.amazonaws.com/weather_images/2024-11-20T19-21-41-082Z_image.jpg
862,20.104167166445404,68.18750089960173,15.581408679703008,0.956,345,2024-11-20 13:22:37,1014.2141371681057,t,20.7,21,345,0.956,2.55,3.81,2041,5,70729,https://solar-tracker-images.s3.us-east-2.amazonaws.com/weather_images/2024-11-20T19-22-41-413Z_image.jpg
863,19.748391560674644,67.54710480921436,16.087494245813673,1.275,210,2024-11-20 13:23:37,1014.2172836349625,t,20.7,20,210,1.275,2.04,3.81,2036,5,70679,https://solar-tracker-images.s3.us-east-2.amazonaws.com/weather_images/2024-11-20T19-23-41-578Z_image.jpg
864,19.93136169409845,67.87645104937721,16.228000638435574,0.637,44,2024-11-20 13:24:37,1014.183191237625,t,20.7,21,44,0.637,1.02,3.81,2036,5,70646,https://solar-tracker-images.s3.us-east-2.amazonaws.com/weather_images/2024-11-20T19-24-41-669Z_image.jpg
865,20.44469658197486,68.80045384755475,15.724853545992492,1.849,327,2024-11-20 13:25:37,1014.2133433294872,t,20.4,21,327,1.849,2.04,3.81,2032,5,70575,https://solar-tracker-images.s3.us-east-2.amazonaws.com/weather_images/2024-11-20T19-25-42-301Z_image.jpg
866,19.77380405665026,67.59284730197047,16.208158981189282,0.765,159,2024-11-20 13:26:38,1014.1493011326457,t,20.3,21,159,0.765,1.53,3.81,2027,5,70338,https://solar-tracker-images.s3.us-east-2.amazonaws.com/weather_images/2024-11-20T19-26-49-373Z_image.jpg
867,19.672154116403544,67.40987740952637,16.855986601546984,1.02,353,2024-11-20 13:27:40,1014.1772304285327,t,20.2,21,353,1.02,1.53,3.81,2027,5,70442,https://solar-tracker-images.s3.us-east-2.amazonaws.com/weather_images/2024-11-20T19-27-44-391Z_image.jpg
868,20.246477808058263,68.44366005450487,16.04021511245808,0.829,15,2024-11-20 13:28:45,1014.2235825312171,t,20.2,21,15,0.829,1.53,3.81,2032,5,70545,https://solar-tracker-images.s3.us-east-2.amazonaws.com/weather_images/2024-11-20T19-28-48-831Z_image.jpg
869,20.129579764284426,68.23324357571197,15.352615888836036,1.466,20,2024-11-20 13:29:49,1014.1460784869543,t,20.2,21,20,1.466,3.57,3.81,2032,5,70488,https://solar-tracker-images.s3.us-east-2.amazonaws.com/weather_images/2024-11-20T19-29-53-907Z_image.jpg
870,19.2553905785142,66.65970304132556,15.46440922968279,1.402,10,2024-11-20 13:30:49,1014.0826224007958,t,20.2,21,10,1.402,2.55,3.81,2023,5,70222,https://solar-tracker-images.s3.us-east-2.amazonaws.com/weather_images/2024-11-20T19-30-53-448Z_image.jpg
871,19.722979071974986,67.50136232955498,15.07992947904906,3.188,359,2024-11-20 13:31:54,1014.1768262285244,t,20.3,21,359,3.188,4.08,3.81,2027,5,70365,https://solar-tracker-images.s3.us-east-2.amazonaws.com/weather_images/2024-11-20T19-31-58-137Z_image.jpg
872,19.489184517326066,67.08053213118691,15.208562717041492,0.574,324,2024-11-20 13:32:59,1014.1569179780291,t,20.4,22,324,0.574,1.02,3.81,2014,4,70067,https://solar-tracker-images.s3.us-east-2.amazonaws.com/weather_images/2024-11-20T19-33-02-786Z_image.jpg
873,20.04317696131766,68.07771853037178,14.979862417506219,1.402,338,2024-11-20 13:34:03,1014.1170759277641,t,20.4,22,338,1.402,2.55,3.81,2018,5,70171,https://solar-tracker-images.s3.us-east-2.amazonaws.com/weather_images/2024-11-20T19-34-08-003Z_image.jpg
874,20.017764388216893,68.0319758987904,14.903536353540643,0.255,342,2024-11-20 13:35:03,1014.1579966116046,t,20.4,22,342,0.255,0.51,3.81,2014,4,70012,https://solar-tracker-images.s3.us-east-2.amazonaws.com/weather_images/2024-11-20T19-35-08-464Z_image.jpg
875,19.687401600019076,67.43732288003434,15.06516849537098,1.912,352,2024-11-20 13:36:04,1014.0659742863193,t,20.4,21,352,1.912,3.57,3.81,2023,5,70302,https://solar-tracker-images.s3.us-east-2.amazonaws.com/weather_images/2024-11-20T19-36-09-432Z_image.jpg
876,19.738226564321668,67.528807815779,14.807457231570611,1.849,336,2024-11-20 13:37:05,1014.1468834382347,t,20.4,21,336,1.849,3.06,3.81,2018,5,70175,https://solar-tracker-images.s3.us-east-2.amazonaws.com/weather_images/2024-11-20T19-37-09-156Z_image.jpg
877,18.828464105405146,65.89123538972926,15.270624454482963,0.892,331,2024-11-20 13:38:10,1014.0253643846241,t,20.4,21,331,0.892,1.02,3.81,2018,5,70111,https://solar-tracker-images.s3.us-east-2.amazonaws.com/weather_images/2024-11-20T19-38-13-525Z_image.jpg
878,19.143576303735607,66.4584373467241,15.392665530951655,1.402,10,2024-11-20 13:39:14,1014.0941298035286,t,20.4,21,10,1.402,2.04,3.81,2014,4,69956,https://solar-tracker-images.s3.us-east-2.amazonaws.com/weather_images/2024-11-20T19-39-18-523Z_image.jpg
879,19.09783414101694,66.37610145383049,16.236329479685224,0.956,352,2024-11-20 13:40:14,1014.0754332158679,t,20.3,21,352,0.956,1.53,3.81,2009,4,69896,https://solar-tracker-images.s3.us-east-2.amazonaws.com/weather_images/2024-11-20T19-40-18-359Z_image.jpg
880,19.555256829038264,67.19946229226888,16.03625191598701,1.084,350,2024-11-20 13:41:19,1014.0182254593466,t,20.3,21,350,1.084,2.04,3.81,2009,4,69927,https://solar-tracker-images.s3.us-east-2.amazonaws.com/weather_images/2024-11-20T19-41-23-547Z_image.jpg
881,19.738226564321668,67.528807815779,15.838584875937121,0.51,337,2024-11-20 13:42:19,1013.9842324717673,t,20.3,22,337,0.51,1.02,3.81,2005,4,69782,https://solar-tracker-images.s3.us-east-2.amazonaws.com/weather_images/2024-11-20T19-42-22-807Z_image.jpg
882,19.80429906142526,67.64773831056547,15.879575168061807,0.446,330,2024-11-20 13:43:23,1014.008066594603,t,20.3,22,330,0.446,0.51,3.81,2005,4,69698,https://solar-tracker-images.s3.us-east-2.amazonaws.com/weather_images/2024-11-20T19-43-27-739Z_image.jpg
883,19.977104286389658,67.95878771550139,15.654505553780078,0.892,354,2024-11-20 13:44:28,1014.0390491473387,t,20.4,21,354,0.892,1.02,3.81,2000,4,69632,https://solar-tracker-images.s3.us-east-2.amazonaws.com/weather_images/2024-11-20T19-44-32-194Z_image.jpg
884,20.1448273264803,68.26068918766454,15.396212093549977,2.869,88,2024-11-20 13:45:32,1014.0347117030095,t,20.4,22,88,2.869,4.08,3.81,2000,4,69593,https://solar-tracker-images.s3.us-east-2.amazonaws.com/weather_images/2024-11-20T19-45-37-543Z_image.jpg
885,19.52476190982852,67.14457143769134,15.854965710067232,0.892,152,2024-11-20 13:46:33,1014.0509747925549,t,20.3,22,152,0.892,1.02,3.81,2000,4,69591,https://solar-tracker-images.s3.us-east-2.amazonaws.com/weather_images/2024-11-20T19-46-37-227Z_image.jpg
886,20.119414724275703,68.21494650369627,15.636103430972524,1.402,263,2024-11-20 13:47:38,1014.1299029111173,t,20.3,22,263,1.402,2.04,3.81,1991,4,69413,https://solar-tracker-images.s3.us-east-2.amazonaws.com/weather_images/2024-11-20T19-47-42-314Z_image.jpg
887,20.124497244134545,68.22409503944218,15.530427767143271,0.574,316,2024-11-20 13:48:38,1014.1108654790348,t,20.3,22,316,0.574,1.02,3.81,2000,4,69610,https://solar-tracker-images.s3.us-east-2.amazonaws.com/weather_images/2024-11-20T19-48-41-561Z_image.jpg
888,19.911031660647133,67.83985698916484,15.718893093525184,0.765,269,2024-11-20 13:49:42,1014.0966004274825,t,20.2,22,269,0.765,1.02,3.81,2000,4,69572,https://solar-tracker-images.s3.us-east-2.amazonaws.com/weather_images/2024-11-20T19-49-46-841Z_image.jpg
889,19.70264908625395,67.4647683552571,15.917985946325489,1.148,271,2024-11-20 13:50:42,1014.1173537528412,t,20.2,22,271,1.148,1.53,3.81,2000,4,69611,https://solar-tracker-images.s3.us-east-2.amazonaws.com/weather_images/2024-11-20T19-50-47-158Z_image.jpg
890,19.38753490304225,66.89756282547606,15.922845736735,1.785,356,2024-11-20 13:51:42,1014.0763396873903,t,20.2,21,356,1.785,2.55,3.81,2000,4,69551,https://solar-tracker-images.s3.us-east-2.amazonaws.com/weather_images/2024-11-20T19-51-47-128Z_image.jpg
891,19.54000936812372,67.1720168626227,15.881893850328709,1.53,356,2024-11-20 13:52:47,1014.0752509035883,t,20.2,21,356,1.53,2.04,3.81,1996,4,69543,https://solar-tracker-images.s3.us-east-2.amazonaws.com/weather_images/2024-11-20T19-52-52-237Z_image.jpg
892,19.55017434177571,67.19031381519628,15.920161631335395,0.701,325,2024-11-20 13:53:48,1014.0914351057313,t,20.1,21,325,0.701,1.02,3.81,1991,4,69402,https://solar-tracker-images.s3.us-east-2.amazonaws.com/weather_images/2024-11-20T19-53-52-318Z_image.jpg
893,19.783969057077776,67.61114430274,15.875063475553095,1.084,313,2024-11-20 13:54:48,1014.0841511822074,t,20,21,313,1.084,2.55,3.81,1991,4,69383,https://solar-tracker-images.s3.us-east-2.amazonaws.com/weather_images/2024-11-20T19-54-52-075Z_image.jpg
894,19.484102033847012,67.07138366092462,16.16169557481438,1.148,339,2024-11-20 13:55:52,1014.0946296694393,t,19.9,21,339,1.148,2.55,3.81,1987,4,69258,https://solar-tracker-images.s3.us-east-2.amazonaws.com/weather_images/2024-11-20T19-55-57-273Z_image.jpg
895,19.473937067762016,67.05308672197162,16.206516013521032,1.402,5,2024-11-20 13:56:53,1014.0242501669142,t,19.9,20,5,1.402,2.04,3.81,1987,4,69234,https://solar-tracker-images.s3.us-east-2.amazonaws.com/weather_images/2024-11-20T19-56-57-101Z_image.jpg
896,19.712814078532393,67.48306534135831,16.60466396244352,0.892,340,2024-11-20 13:57:58,1014.0522137255643,t,19.9,21,340,0.892,1.53,3.81,1982,4,69124,https://solar-tracker-images.s3.us-east-2.amazonaws.com/weather_images/2024-11-20T19-58-03-094Z_image.jpg
897,20.04317696131766,68.07771853037178,16.5773394523091,1.148,186,2024-11-20 13:58:59,1014.1170759277641,t,19.9,21,186,1.148,1.53,3.81,1987,4,69166,https://solar-tracker-images.s3.us-east-2.amazonaws.com/weather_images/2024-11-20T19-59-03-039Z_image.jpg
898,20.160074891295515,68.28813480433193,16.793454634618605,0.574,333,2024-11-20 14:00:04,1014.0860988029068,t,19.9,21,333,0.574,1.02,3.81,1982,4,69058,https://solar-tracker-images.s3.us-east-2.amazonaws.com/weather_images/2024-11-20T20-00-08-246Z_image.jpg
899,19.382452425383963,66.88841436569113,16.66515149015148,1.466,262,2024-11-20 14:01:04,1013.9869670159347,t,19.9,21,262,1.466,2.04,3.81,1978,4,69021,https://solar-tracker-images.s3.us-east-2.amazonaws.com/weather_images/2024-11-20T20-01-08-428Z_image.jpg
900,19.809381563239732,67.65688681383152,16.078884666378865,1.402,304,2024-11-20 14:02:04,1014.0974906246781,t,19.9,21,304,1.402,1.53,3.81,1978,4,68999,https://solar-tracker-images.s3.us-east-2.amazonaws.com/weather_images/2024-11-20T20-02-07-556Z_image.jpg
901,19.5806692697166,67.24520468548988,16.500350395222718,0.701,51,2024-11-20 14:03:08,1014.11288658277,t,19.8,20,51,0.701,1.02,3.81,1973,4,68861,https://solar-tracker-images.s3.us-east-2.amazonaws.com/weather_images/2024-11-20T20-03-12-504Z_image.jpg
902,19.22997823096812,66.61396081574262,16.28511129757884,2.422,336,2024-11-20 14:04:08,1014.0421503672177,t,19.8,21,336,2.422,3.06,3.81,1982,4,69080,https://solar-tracker-images.s3.us-east-2.amazonaws.com/weather_images/2024-11-20T20-04-11-634Z_image.jpg
903,19.890701631852426,67.80326293733437,15.952813977123858,0.637,343,2024-11-20 14:05:12,1014.0913589033627,t,19.8,21,343,0.637,1.02,3.81,1978,4,68928,https://solar-tracker-images.s3.us-east-2.amazonaws.com/weather_images/2024-11-20T20-05-16-658Z_image.jpg
904,19.3722874709405,66.8701174476929,16.22820074016339,0.51,24,2024-11-20 14:06:17,1014.0791525033428,t,19.9,21,24,0.51,1.02,3.81,1969,4,68722,https://solar-tracker-images.s3.us-east-2.amazonaws.com/weather_images/2024-11-20T20-06-22-403Z_image.jpg
905,19.514596939086914,67.12627449035645,15.933041025172699,1.02,257,2024-11-20 14:07:18,1014.1160874088652,t,19.9,20,257,1.02,1.53,3.81,1964,4,68626,https://solar-tracker-images.s3.us-east-2.amazonaws.com/weather_images/2024-11-20T20-07-22-551Z_image.jpg
906,19.473937067762016,67.05308672197162,16.1566649552869,1.976,320,2024-11-20 14:08:18,1014.0784443294007,t,20,21,320,1.976,3.06,3.81,1973,4,68780,https://solar-tracker-images.s3.us-east-2.amazonaws.com/weather_images/2024-11-20T20-08-22-346Z_image.jpg
907,19.301132822432557,66.7420390803786,16.31479619770776,0.446,345,2024-11-20 14:09:23,1014.0200254082961,t,20.1,21,345,0.446,0.51,3.81,1969,4,68699,https://solar-tracker-images.s3.us-east-2.amazonaws.com/weather_images/2024-11-20T20-09-26-806Z_image.jpg
908,19.672154116403544,67.40987740952637,16.473676881456626,1.4,324,2024-11-20 14:10:27,1013.9332797068819,t,20.1,20,324,1.4,2.24,4.5,1960,4,68494,https://solar-tracker-images.s3.us-east-2.amazonaws.com/weather_images/2024-11-20T20-10-31-610Z_image.jpg
909,19.57050429257215,67.22690772662986,16.622722665501758,0.637,345,2024-11-20 14:11:32,1013.961196375273,t,20.2,20,345,0.637,2.04,3.81,1960,4,68407,https://solar-tracker-images.s3.us-east-2.amazonaws.com/weather_images/2024-11-20T20-11-36-673Z_image.jpg
910,19.72806156913284,67.51051082443911,16.775698514613488,1.53,333,2024-11-20 14:12:32,1013.9951611345136,t,20.4,20,333,1.53,2.55,3.81,1960,4,68416,https://solar-tracker-images.s3.us-east-2.amazonaws.com/weather_images/2024-11-20T20-12-36-812Z_image.jpg
911,19.22997823096812,66.61396081574262,17.20946305951151,0.829,232,2024-11-20 14:13:32,1013.852545031098,t,20.6,20,232,0.829,1.53,3.81,1960,4,68384,https://solar-tracker-images.s3.us-east-2.amazonaws.com/weather_images/2024-11-20T20-13-36-708Z_image.jpg
912,19.41294729569927,66.94330513225869,16.73011085821315,1.148,324,2024-11-20 14:14:37,1013.900051352294,t,20.6,20,324,1.148,1.53,3.81,1955,4,68264,https://solar-tracker-images.s3.us-east-2.amazonaws.com/weather_images/2024-11-20T20-14-42-426Z_image.jpg
913,19.682319105189528,67.42817438934115,16.921979564397947,1.53,313,2024-11-20 14:15:38,1013.8410355756902,t,20.6,20,313,1.53,2.55,3.81,1951,4,68189,https://solar-tracker-images.s3.us-east-2.amazonaws.com/weather_images/2024-11-20T20-15-42-672Z_image.jpg
914,19.921196676790714,67.85815401822329,16.954767900796003,0.829,310,2024-11-20 14:16:38,1013.8958481530472,t,20.6,20,310,0.829,1.53,3.81,1951,4,68191,https://solar-tracker-images.s3.us-east-2.amazonaws.com/weather_images/2024-11-20T20-16-43-202Z_image.jpg
915,19.42819473478594,66.9707505226147,16.884416316907107,0.637,153,2024-11-20 14:17:39,1013.8972314484023,t,20.6,20,153,0.637,1.02,3.81,1946,4,68069,https://solar-tracker-images.s3.us-east-2.amazonaws.com/weather_images/2024-11-20T20-17-44-108Z_image.jpg
916,19.78905155772809,67.62029280391056,17.54298261923057,3.08,161,2024-11-20 14:18:40,1013.8482458215552,t,20.5,20,161,3.08,4.48,4.5,1942,4,67929,https://solar-tracker-images.s3.us-east-2.amazonaws.com/weather_images/2024-11-20T20-18-43-814Z_image.jpg
917,19.75347405928769,67.55625330671785,17.190053561955743,0.446,313,2024-11-20 14:19:44,1013.8729563791729,t,20.5,20,313,0.446,0.51,3.81,1942,4,67986,https://solar-tracker-images.s3.us-east-2.amazonaws.com/weather_images/2024-11-20T20-19-48-924Z_image.jpg
918,19.687401600019076,67.43732288003434,16.42305288081263,1.148,310,2024-11-20 14:20:44,1013.8762306895485,t,20.5,20,310,1.148,1.53,3.81,1937,4,67832,https://solar-tracker-images.s3.us-east-2.amazonaws.com/weather_images/2024-11-20T20-20-49-358Z_image.jpg
919,19.479019550658997,67.06223519118619,16.012390816563897,1.02,325,2024-11-20 14:21:45,1013.8426618892357,t,20.5,20,325,1.02,2.04,3.81,1942,4,67870,https://solar-tracker-images.s3.us-east-2.amazonaws.com/weather_images/2024-11-20T20-21-50-100Z_image.jpg
920,19.585751758725383,67.2543531657057,15.774296988878719,0.956,349,2024-11-20 14:22:46,1013.795756657664,t,20.5,19,349,0.956,1.02,3.81,1937,4,67730,https://solar-tracker-images.s3.us-east-2.amazonaws.com/weather_images/2024-11-20T20-22-50-146Z_image.jpg
921,19.71789657510817,67.4922138351947,15.978180702255733,0.382,342,2024-11-20 14:23:46,1013.7079070129336,t,20.6,20,342,0.382,0.51,3.81,1933,4,67620,https://solar-tracker-images.s3.us-east-2.amazonaws.com/weather_images/2024-11-20T20-23-50-024Z_image.jpg
922,20.083837093412875,68.15090676814317,15.970767490699307,0.574,290,2024-11-20 14:24:50,1013.80205612079,t,20.7,19,290,0.574,1.02,3.81,1928,4,67520,https://solar-tracker-images.s3.us-east-2.amazonaws.com/weather_images/2024-11-20T20-24-54-751Z_image.jpg
923,19.905949153011896,67.83070847542142,15.49179368242192,1.466,165,2024-11-20 14:25:55,1013.7631237696206,t,20.7,19,165,1.466,2.04,3.81,1937,4,67796,https://solar-tracker-images.s3.us-east-2.amazonaws.com/weather_images/2024-11-20T20-25-59-728Z_image.jpg
924,19.52476190982852,67.14457143769134,15.805103850249065,1.148,340,2024-11-20 14:27:00,1013.834181278497,t,20.8,19,340,1.148,2.55,3.81,1933,4,67678,https://solar-tracker-images.s3.us-east-2.amazonaws.com/weather_images/2024-11-20T20-27-06-089Z_image.jpg
925,19.63149417290115,67.33668951122206,16.242974184241554,2.8,333,2024-11-20 14:28:02,1013.7059400186943,t,20.8,19,333,2.8,3.36,4.5,1919,4,67319,https://solar-tracker-images.s3.us-east-2.amazonaws.com/weather_images/2024-11-20T20-28-06-302Z_image.jpg
926,19.49934948515729,67.09882907328313,16.14431474987358,0.191,1,2024-11-20 14:29:02,1013.7395347159861,t,20.8,19,1,0.191,0.51,3.81,1919,4,67243,https://solar-tracker-images.s3.us-east-2.amazonaws.com/weather_images/2024-11-20T20-29-05-896Z_image.jpg
927,19.50443196950946,67.10797754511702,16.03326954428868,0.892,145,2024-11-20 14:30:06,1013.6934280646398,t,20.8,20,145,0.892,1.02,3.81,1915,4,67172,https://solar-tracker-images.s3.us-east-2.amazonaws.com/weather_images/2024-11-20T20-30-10-923Z_image.jpg
928,19.357040041458095,66.84267207462457,15.857930623135426,2.52,224,2024-11-20 14:31:06,1013.8381365113448,t,20.8,19,224,2.52,4.48,4.5,1919,4,67243,https://solar-tracker-images.s3.us-east-2.amazonaws.com/weather_images/2024-11-20T20-31-10-366Z_image.jpg
929,19.433277215063573,66.97989898711444,16.60729085184208,0.765,84,2024-11-20 14:32:11,1013.824037426337,t,20.9,19,84,0.765,1.02,3.81,1910,4,67078,https://solar-tracker-images.s3.us-east-2.amazonaws.com/weather_images/2024-11-20T20-32-15-437Z_image.jpg
930,19.204565890697996,66.5682186032564,16.86754768593697,1.084,1,2024-11-20 14:33:11,1013.7849962702093,t,20.9,19,1,1.084,2.04,3.81,1915,4,67143,https://solar-tracker-images.s3.us-east-2.amazonaws.com/weather_images/2024-11-20T20-33-15-380Z_image.jpg
931,19.52476190982852,67.14457143769134,16.780049986084958,1.402,339,2024-11-20 14:34:16,1013.6715870281442,t,20.9,19,339,1.402,2.04,3.81,1910,4,67054,https://solar-tracker-images.s3.us-east-2.amazonaws.com/weather_images/2024-11-20T20-34-20-399Z_image.jpg
932,19.70264908625395,67.4647683552571,16.039914366742128,0.892,326,2024-11-20 14:35:21,1013.7920712744595,t,20.9,19,326,0.892,1.02,3.81,1910,4,67011,https://solar-tracker-images.s3.us-east-2.amazonaws.com/weather_images/2024-11-20T20-35-25-276Z_image.jpg
933,19.519679424312198,67.13542296376195,15.949404001484893,1.402,257,2024-11-20 14:36:26,1013.7989922283215,t,20.9,19,257,1.402,2.55,3.81,1906,4,66861,https://solar-tracker-images.s3.us-east-2.amazonaws.com/weather_images/2024-11-20T20-36-29-702Z_image.jpg
934,19.4485246576427,67.00734438375686,16.855745233152714,0.446,256,2024-11-20 14:37:30,1013.8483101225697,t,20.8,19,256,0.446,1.02,3.81,1901,4,66812,https://solar-tracker-images.s3.us-east-2.amazonaws.com/weather_images/2024-11-20T20-37-35-095Z_image.jpg
935,19.04700954342261,66.2846171781607,15.303559575914292,0.892,34,2024-11-20 14:38:31,1013.8590846519314,t,20.9,19,34,0.892,1.53,3.81,1897,4,66660,https://solar-tracker-images.s3.us-east-2.amazonaws.com/weather_images/2024-11-20T20-38-36-655Z_image.jpg
936,19.21473082593293,66.58651548667927,14.91830862405144,0.701,139,2024-11-20 14:39:32,1013.7740954455804,t,20.9,19,139,0.701,1.02,3.81,1897,4,66641,https://solar-tracker-images.s3.us-east-2.amazonaws.com/weather_images/2024-11-20T20-39-36-361Z_image.jpg
937,19.04700954342261,66.2846171781607,15.1430393570221,1.084,48,2024-11-20 14:40:37,1013.8590846519314,t,20.9,19,48,1.084,1.53,3.81,1897,4,66585,https://solar-tracker-images.s3.us-east-2.amazonaws.com/weather_images/2024-11-20T20-40-40-845Z_image.jpg
938,18.945360435545446,66.1016487839818,15.081936759908647,0.701,159,2024-11-20 14:41:41,1013.7784256285611,t,20.9,19,159,0.701,1.02,3.81,1892,4,66554,https://solar-tracker-images.s3.us-east-2.amazonaws.com/weather_images/2024-11-20T20-41-48-892Z_image.jpg
939,18.940277983207487,66.09250036977348,15.143076926214883,0.829,146,2024-11-20 14:42:44,1013.8244788962152,t,21,20,146,0.829,1.02,3.81,1892,4,66430,https://solar-tracker-images.s3.us-east-2.amazonaws.com/weather_images/2024-11-20T20-42-48-614Z_image.jpg
940,18.975855155684986,66.15653928023298,15.440065474436205,0.829,76,2024-11-20 14:43:49,1013.8269929417348,t,21,20,76,0.829,1.02,3.81,1888,4,66354,https://solar-tracker-images.s3.us-east-2.amazonaws.com/weather_images/2024-11-20T20-43-53-821Z_image.jpg
941,19.473937067762016,67.05308672197162,15.165033721698471,0.892,340,2024-11-20 14:44:49,1013.8887651294677,t,21,20,340,0.892,1.53,3.81,1883,4,66190,https://solar-tracker-images.s3.us-east-2.amazonaws.com/weather_images/2024-11-20T20-44-53-266Z_image.jpg
942,19.38753490304225,66.89756282547606,15.058757562802683,0.765,0,2024-11-20 14:45:54,1013.8866865900054,t,21,20,0,0.765,1.53,3.81,1888,4,66301,https://solar-tracker-images.s3.us-east-2.amazonaws.com/weather_images/2024-11-20T20-45-58-508Z_image.jpg
943,19.05209200187237,66.29376560337028,15.480415198573588,1.721,293,2024-11-20 14:46:54,1013.8401002493265,t,21,18,293,1.721,2.55,3.81,1883,4,66288,https://solar-tracker-images.s3.us-east-2.amazonaws.com/weather_images/2024-11-20T20-46-57-822Z_image.jpg
944,19.05209200187237,66.29376560337028,15.043135798225341,1.148,1,2024-11-20 14:47:58,1013.7859428506255,t,21.1,18,1,1.148,1.53,3.81,1883,4,66214,https://solar-tracker-images.s3.us-east-2.amazonaws.com/weather_images/2024-11-20T20-48-03-574Z_image.jpg
945,19.458689620817314,67.02564131747117,15.431761844363525,1.785,307,2024-11-20 14:48:59,1013.8373957807361,t,21.1,17,307,1.785,2.55,3.81,1879,4,66134,https://solar-tracker-images.s3.us-east-2.amazonaws.com/weather_images/2024-11-20T20-49-04-156Z_image.jpg
946,18.909783275291556,66.0376098955248,15.60392530153555,0.637,345,2024-11-20 14:50:00,1013.8300550720619,t,21.1,18,345,0.637,1.53,3.81,1870,4,65808,https://solar-tracker-images.s3.us-east-2.amazonaws.com/weather_images/2024-11-20T20-50-03-870Z_image.jpg
947,19.02667971253395,66.24802348256111,15.503860602143778,0.829,325,2024-11-20 14:51:04,1013.8808628670828,t,21.1,18,325,0.829,1.53,3.81,1865,4,65775,https://solar-tracker-images.s3.us-east-2.amazonaws.com/weather_images/2024-11-20T20-51-08-452Z_image.jpg
948,19.42819473478594,66.9707505226147,15.848784797270062,0.765,38,2024-11-20 14:52:09,1013.7617567712848,t,21.1,18,38,0.765,1.02,3.81,1861,4,65556,https://solar-tracker-images.s3.us-east-2.amazonaws.com/weather_images/2024-11-20T20-52-13-516Z_image.jpg
949,19.489184517326066,67.08053213118691,15.817992055816097,1.658,327,2024-11-20 14:53:09,1013.8859408204968,t,21.1,18,327,1.658,2.55,3.81,1865,4,65651,https://solar-tracker-images.s3.us-east-2.amazonaws.com/weather_images/2024-11-20T20-53-17-054Z_image.jpg
950,19.36212251766119,66.85182053179014,15.92966788379764,0.956,312,2024-11-20 14:54:12,1013.7107678991996,t,21.1,18,312,0.956,1.53,3.81,1856,4,65451,https://solar-tracker-images.s3.us-east-2.amazonaws.com/weather_images/2024-11-20T20-54-17-049Z_image.jpg
951,19.346875089925014,66.82437516186502,16.20731765930063,0.829,341,2024-11-20 14:55:17,1013.8219533573852,t,21.1,18,341,0.829,1.53,3.81,1856,4,65452,https://solar-tracker-images.s3.us-east-2.amazonaws.com/weather_images/2024-11-20T20-55-21-846Z_image.jpg
952,19.270637990534304,66.68714838296175,15.967508459812837,0.765,176,2024-11-20 14:56:22,1013.8901997677921,t,21.2,18,176,0.765,1.02,3.81,1852,4,65291,https://solar-tracker-images.s3.us-east-2.amazonaws.com/weather_images/2024-11-20T20-56-26-372Z_image.jpg
953,19.184236023720587,66.53162484269706,15.833466454222565,0.382,323,2024-11-20 14:57:27,1013.9151333311187,t,21.2,18,323,0.382,1.02,3.81,1847,4,65178,https://solar-tracker-images.s3.us-east-2.amazonaws.com/weather_images/2024-11-20T20-57-30-898Z_image.jpg
954,19.011432342423358,66.22057821636204,16.246158835204135,0.956,346,2024-11-20 14:58:31,1013.8565789944469,t,21.2,18,346,0.956,1.53,3.81,1843,4,65085,https://solar-tracker-images.s3.us-east-2.amazonaws.com/weather_images/2024-11-20T20-58-36-037Z_image.jpg
955,19.02667971253395,66.24802348256111,16.051730452159436,1.084,312,2024-11-20 14:59:32,1013.8267075971561,t,21.2,18,312,1.084,1.53,3.81,1852,4,65293,https://solar-tracker-images.s3.us-east-2.amazonaws.com/weather_images/2024-11-20T20-59-36-205Z_image.jpg
956,18.91486572588328,66.04675830658991,16.34499651151834,0.51,65,2024-11-20 15:00:32,1013.838150280231,t,21.2,18,65,0.51,1.02,3.81,1843,4,65059,https://solar-tracker-images.s3.us-east-2.amazonaws.com/weather_images/2024-11-20T21-00-35-963Z_image.jpg
957,19.331627664808185,66.79692979665474,16.26344944612048,0,2,2024-11-20 15:01:36,1013.7976788192494,t,21.2,18,2,0,0,3.81,1834,4,64742,https://solar-tracker-images.s3.us-east-2.amazonaws.com/weather_images/2024-11-20T21-01-40-857Z_image.jpg
958,19.143576303735607,66.4584373467241,16.10121661264061,0.51,10,2024-11-20 15:02:41,1013.7962195754188,t,21.2,18,10,0.51,1.53,3.81,1839,4,64929,https://solar-tracker-images.s3.us-east-2.amazonaws.com/weather_images/2024-11-20T21-02-45-304Z_image.jpg
959,19.194400956627213,66.54992172192898,16.10974295846106,1.148,233,2024-11-20 15:03:46,1013.7958963168953,t,21.3,18,233,1.148,2.04,3.81,1834,4,64752,https://solar-tracker-images.s3.us-east-2.amazonaws.com/weather_images/2024-11-20T21-03-50-648Z_image.jpg
960,19.392617380991577,66.90671128578484,16.277028350771385,0.191,336,2024-11-20 15:04:46,1013.840591498974,t,21.3,18,336,0.191,0.51,3.81,1825,4,64606,https://solar-tracker-images.s3.us-east-2.amazonaws.com/weather_images/2024-11-20T21-04-50-390Z_image.jpg
961,19.50951445415267,67.1171260174748,16.13826632290845,0,338,2024-11-20 15:05:51,1013.837009250271,t,21.3,18,338,0,0,3.81,1830,4,64627,https://solar-tracker-images.s3.us-east-2.amazonaws.com/weather_images/2024-11-20T21-05-54-862Z_image.jpg
962,19.22997823096812,66.61396081574262,16.76669061837166,0.446,323,2024-11-20 15:06:55,1013.7983722674267,t,21.4,18,323,0.446,0.51,3.81,1821,4,64401,https://solar-tracker-images.s3.us-east-2.amazonaws.com/weather_images/2024-11-20T21-06-59-339Z_image.jpg
963,19.438359695632244,66.98904745213804,16.64026897893367,0.446,281,2024-11-20 15:08:00,1013.805032933975,t,21.4,18,281,0.446,1.02,3.81,1816,4,64348,https://solar-tracker-images.s3.us-east-2.amazonaws.com/weather_images/2024-11-20T21-08-04-468Z_image.jpg
964,19.12324645072804,66.42184361131046,15.908513235873345,0.701,332,2024-11-20 15:09:00,1013.73676605444,t,21.5,18,332,0.701,1.02,3.81,1816,4,64286,https://solar-tracker-images.s3.us-east-2.amazonaws.com/weather_images/2024-11-20T21-09-03-973Z_image.jpg
965,18.803051880095154,65.84549338417128,16.853744666799006,1.084,234,2024-11-20 15:10:04,1013.8224691046862,t,21.5,17,234,1.084,1.53,3.81,1812,4,64202,https://solar-tracker-images.s3.us-east-2.amazonaws.com/weather_images/2024-11-20T21-10-09-502Z_image.jpg
966,18.686155737383523,65.63508032729034,16.538741050688987,2.295,269,2024-11-20 15:11:05,1013.8798337635155,t,21.5,18,269,2.295,3.06,3.81,1808,4,64085,https://solar-tracker-images.s3.us-east-2.amazonaws.com/weather_images/2024-11-20T21-11-09-455Z_image.jpg
967,18.879288577853004,65.98271944013541,16.175281331540496,2.614,353,2024-11-20 15:12:05,1013.7544131558335,t,21.4,17,353,2.614,3.57,3.81,1790,4,63492,https://solar-tracker-images.s3.us-east-2.amazonaws.com/weather_images/2024-11-20T21-12-09-860Z_image.jpg
968,19.18931849002838,66.54077328205108,16.558347820003966,1.084,20,2024-11-20 15:13:05,1013.814888355774,t,21.2,17,20,1.084,1.53,3.81,1781,4,63283,https://solar-tracker-images.s3.us-east-2.amazonaws.com/weather_images/2024-11-20T21-13-09-409Z_image.jpg
969,19.011432342423358,66.22057821636204,16.49513934741414,0.574,182,2024-11-20 15:14:10,1013.7753481506323,t,21,17,182,0.574,1.02,3.81,1777,4,63137,https://solar-tracker-images.s3.us-east-2.amazonaws.com/weather_images/2024-11-20T21-14-14-177Z_image.jpg
970,19.09275167994783,66.36695302390609,16.51327797525662,1.02,186,2024-11-20 15:15:15,1013.8236125232675,t,21,17,186,1.02,1.02,3.81,1772,4,63049,https://solar-tracker-images.s3.us-east-2.amazonaws.com/weather_images/2024-11-20T21-15-19-006Z_image.jpg
971,18.818299214408036,65.87293858593446,16.648403775294085,0.701,169,2024-11-20 15:16:19,1013.7926199897281,t,21,17,169,0.701,1.02,3.81,1772,4,62927,https://solar-tracker-images.s3.us-east-2.amazonaws.com/weather_images/2024-11-20T21-16-23-884Z_image.jpg
972,18.813216769346035,65.86379018482286,16.93066832383104,0.446,145,2024-11-20 15:17:24,1013.7033193427624,t,21,17,145,0.446,1.02,3.81,1763,4,62706,https://solar-tracker-images.s3.us-east-2.amazonaws.com/weather_images/2024-11-20T21-17-28-751Z_image.jpg
973,18.721732807997615,65.69911905439571,17.012461113568886,0.765,14,2024-11-20 15:18:29,1013.8553228993409,t,21,17,14,0.765,2.04,3.81,2036,5,70642,https://solar-tracker-images.s3.us-east-2.amazonaws.com/weather_images/2024-11-20T21-18-33-318Z_image.jpg
974,18.747145010024543,65.74486101804418,16.458344440742415,1.785,334,2024-11-20 15:19:34,1013.8958079282465,t,21.1,17,334,1.785,4.08,3.81,1710,4,61115,https://solar-tracker-images.s3.us-east-2.amazonaws.com/weather_images/2024-11-20T21-19-38-401Z_image.jpg
975,18.518435453716666,65.33318381669,16.784571417574135,0.51,94,2024-11-20 15:20:34,1013.9102446687202,t,21.2,17,94,0.51,0.51,3.81,1692,4,60657,https://solar-tracker-images.s3.us-east-2.amazonaws.com/weather_images/2024-11-20T21-20-38-283Z_image.jpg
976,18.803051880095154,65.84549338417128,16.51089783773556,1.02,23,2024-11-20 15:21:39,1013.8495370810019,t,21.3,17,23,1.02,1.53,3.81,1692,4,60620,https://solar-tracker-images.s3.us-east-2.amazonaws.com/weather_images/2024-11-20T21-21-42-987Z_image.jpg
977,18.421869373560185,65.15936487240833,16.601386841046416,0.446,43,2024-11-20 15:22:43,1013.8645733987811,t,21.3,17,43,0.446,0.51,3.81,1684,4,60326,https://solar-tracker-images.s3.us-east-2.amazonaws.com/weather_images/2024-11-20T21-22-47-393Z_image.jpg
978,18.625166506652022,65.52529971197364,16.818102819864194,2.422,322,2024-11-20 15:23:48,1013.8638472999079,t,21.3,16,322,2.422,3.57,3.81,1688,4,60482,https://solar-tracker-images.s3.us-east-2.amazonaws.com/weather_images/2024-11-20T21-23-52-900Z_image.jpg
979,18.523517881898442,65.3423321874172,16.729064182015556,2.231,107,2024-11-20 15:24:48,1013.8642318081348,t,21.3,16,107,2.231,4.08,3.81,1684,4,60369,https://solar-tracker-images.s3.us-east-2.amazonaws.com/weather_images/2024-11-20T21-24-52-554Z_image.jpg
980,18.43203421915532,65.17766159447957,17.03183523802387,1.785,2,2024-11-20 15:25:53,1013.853720372479,t,21.2,17,2,1.785,2.55,3.81,1688,4,60454,https://solar-tracker-images.s3.us-east-2.amazonaws.com/weather_images/2024-11-20T21-25-57-818Z_image.jpg
981,18.78272210508585,65.80889978915452,16.838137666282563,1.658,343,2024-11-20 15:26:53,1013.8442194679633,t,21.2,17,343,1.658,3.06,3.81,1679,4,60315,https://solar-tracker-images.s3.us-east-2.amazonaws.com/weather_images/2024-11-20T21-26-57-573Z_image.jpg
982,18.426951796212233,65.16851323318201,17.04865134480636,0.892,84,2024-11-20 15:27:58,1013.8456210974401,t,21,17,84,0.892,1.53,3.81,1666,4,59894,https://solar-tracker-images.s3.us-east-2.amazonaws.com/weather_images/2024-11-20T21-28-02-577Z_image.jpg
983,18.43203421915532,65.17766159447957,17.32462529600679,2.104,145,2024-11-20 15:28:58,1013.8807723736086,t,21,17,145,2.104,3.57,3.81,1666,4,59883,https://solar-tracker-images.s3.us-east-2.amazonaws.com/weather_images/2024-11-20T21-29-03-413Z_image.jpg
984,18.493023317173357,65.28744197091204,17.084176058065392,0.956,19,2024-11-20 15:29:59,1013.8697497168872,t,20.9,18,19,0.956,2.04,3.81,1670,4,60059,https://solar-tracker-images.s3.us-east-2.amazonaws.com/weather_images/2024-11-20T21-30-03-286Z_image.jpg
985,18.376127582788467,65.07702964901924,17.310685868694048,1.148,102,2024-11-20 15:31:04,1013.8728279957971,t,20.8,18,102,1.148,1.53,3.81,1661,4,59774,https://solar-tracker-images.s3.us-east-2.amazonaws.com/weather_images/2024-11-20T21-31-07-633Z_image.jpg
986,18.279561657464363,64.90321098343586,17.248963622810187,1.402,115,2024-11-20 15:32:08,1013.9352977401418,t,20.8,18,115,1.402,3.06,3.81,1653,4,59508,https://solar-tracker-images.s3.us-east-2.amazonaws.com/weather_images/2024-11-20T21-32-12-179Z_image.jpg
987,18.345633068704046,65.02213952366728,17.57169478529402,4.06,135,2024-11-20 15:33:13,1013.9865188840788,t,20.8,18,135,4.06,8.96,4.5,1653,4,59503,https://solar-tracker-images.s3.us-east-2.amazonaws.com/weather_images/2024-11-20T21-33-16-716Z_image.jpg
988,18.43203421915532,65.17766159447957,17.55663001410897,1.849,283,2024-11-20 15:34:17,1013.988980588155,t,20.8,18,283,1.849,3.06,3.81,1653,4,59510,https://solar-tracker-images.s3.us-east-2.amazonaws.com/weather_images/2024-11-20T21-34-21-154Z_image.jpg
989,18.792886992008427,65.82719658561517,17.41265797010795,1.148,287,2024-11-20 15:35:22,1013.9686826170458,t,20.9,18,287,1.148,2.04,3.81,1653,4,59506,https://solar-tracker-images.s3.us-east-2.amazonaws.com/weather_images/2024-11-20T21-35-25-070Z_image.jpg
990,18.5489300271729,65.38807404891122,17.53461152593537,0.765,63,2024-11-20 15:36:25,1013.9047252880728,t,21,18,63,0.765,1.53,3.81,1653,4,59505,https://solar-tracker-images.s3.us-east-2.amazonaws.com/weather_images/2024-11-20T21-36-29-165Z_image.jpg
991,18.889453475835033,66.00101625650306,17.33070355659942,2.04,308,2024-11-20 15:37:29,1013.9059613580627,t,21.1,18,308,2.04,4.59,3.81,1653,4,59507,https://solar-tracker-images.s3.us-east-2.amazonaws.com/weather_images/2024-11-20T21-37-33-526Z_image.jpg
992,18.726815247820923,65.70826744607766,17.454453917566923,1.912,53,2024-11-20 15:38:34,1013.8634198531427,t,21.2,17,53,1.912,3.57,3.81,1653,4,59510,https://solar-tracker-images.s3.us-east-2.amazonaws.com/weather_images/2024-11-20T21-38-37-239Z_image.jpg
993,18.767474776884775,65.7814545983926,17.95004265932277,2.869,42,2024-11-20 15:39:38,1013.8740634338965,t,21.2,17,42,2.869,4.59,3.81,1653,4,59486,https://solar-tracker-images.s3.us-east-2.amazonaws.com/weather_images/2024-11-20T21-39-42-050Z_image.jpg
994,18.670908425771632,65.60763516638895,18.479396865631383,0.574,25,2024-11-20 15:40:42,1013.9367285478054,t,21.3,18,25,0.574,1.02,3.81,1648,4,59352,https://solar-tracker-images.s3.us-east-2.amazonaws.com/weather_images/2024-11-20T21-40-46-444Z_image.jpg
995,18.813216769346035,65.86379018482286,18.169058835080577,0.765,19,2024-11-20 15:41:47,1013.9198665086193,t,21.3,18,19,0.765,1.02,3.81,1648,4,59346,https://solar-tracker-images.s3.us-east-2.amazonaws.com/weather_images/2024-11-20T21-41-50-413Z_image.jpg
996,18.564177317830037,65.41551917209406,18.02010435090518,2.104,87,2024-11-20 15:42:51,1013.9019639522297,t,21.4,18,87,2.104,4.59,3.81,1639,4,59108,https://solar-tracker-images.s3.us-east-2.amazonaws.com/weather_images/2024-11-20T21-42-54-932Z_image.jpg
997,18.59975433954969,65.47955781118944,18.0074344937696,2.996,296,2024-11-20 15:43:55,1013.9315955944453,t,21.4,17,296,2.996,4.08,3.81,1639,4,59033,https://solar-tracker-images.s3.us-east-2.amazonaws.com/weather_images/2024-11-20T21-43-59-127Z_image.jpg
998,18.47777603873983,65.2599968697317,17.80860996442898,1.148,288,2024-11-20 15:45:00,1013.926615023271,t,21.4,18,288,1.148,2.04,3.81,1639,4,59024,https://solar-tracker-images.s3.us-east-2.amazonaws.com/weather_images/2024-11-20T21-45-03-739Z_image.jpg
999,18.59467190700234,65.47040943260421,17.880587394801854,1.912,319,2024-11-20 15:46:04,1013.950556105011,t,21.5,17,319,1.912,3.06,3.81,1630,4,58772,https://solar-tracker-images.s3.us-east-2.amazonaws.com/weather_images/2024-11-20T21-46-07-824Z_image.jpg
1000,18.706485490273916,65.67167388249305,18.041254968502486,1.721,2,2024-11-20 15:47:08,1013.8851598518521,t,21.5,17,2,1.721,3.06,3.81,1626,4,58683,https://solar-tracker-images.s3.us-east-2.amazonaws.com/weather_images/2024-11-20T21-47-11-977Z_image.jpg
1001,18.853876337991096,65.93697740838397,18.228026723669355,2.55,106,2024-11-20 15:48:12,1013.8763602276026,t,21.5,17,106,2.55,5.1,3.81,1626,4,58666,https://solar-tracker-images.s3.us-east-2.amazonaws.com/weather_images/2024-11-20T21-48-16-385Z_image.jpg
1002,18.869123681035127,65.96442262586322,18.570066793660718,1.594,144,2024-11-20 15:49:17,1013.9277193434341,t,21.5,17,144,1.594,2.04,3.81,1622,4,58500,https://solar-tracker-images.s3.us-east-2.amazonaws.com/weather_images/2024-11-20T21-49-20-808Z_image.jpg
1003,18.84879389089183,65.9278290036053,18.05688719688173,1.849,348,2024-11-20 15:50:21,1013.9494742199946,t,21.5,17,348,1.849,2.55,3.81,1617,4,58493,https://solar-tracker-images.s3.us-east-2.amazonaws.com/weather_images/2024-11-20T21-50-24-866Z_image.jpg
1004,18.940277983207487,66.09250036977348,17.637997765654813,3.188,346,2024-11-20 15:51:25,1013.9598485874792,t,21,18,346,3.188,3.57,3.81,1582,4,57336,https://solar-tracker-images.s3.us-east-2.amazonaws.com/weather_images/2024-11-20T21-51-29-335Z_image.jpg
1005,18.747145010024543,65.74486101804418,17.564056585684312,1.148,64,2024-11-20 15:52:30,1013.9499391937325,t,21,18,64,1.148,1.53,3.81,1568,3,57069,https://solar-tracker-images.s3.us-east-2.amazonaws.com/weather_images/2024-11-20T21-52-33-282Z_image.jpg
1006,18.660743552818893,65.58933839507401,17.463075671114105,0.829,42,2024-11-20 15:53:34,1013.8934706383905,t,20.9,18,42,0.829,1.53,3.81,1568,3,56950,https://solar-tracker-images.s3.us-east-2.amazonaws.com/weather_images/2024-11-20T21-53-37-199Z_image.jpg
1007,18.609919205517507,65.49785456993152,17.504137206295646,0.574,127,2024-11-20 15:54:38,1013.974852533166,t,20.9,19,127,0.574,1.02,3.81,1564,3,56846,https://solar-tracker-images.s3.us-east-2.amazonaws.com/weather_images/2024-11-20T21-54-41-961Z_image.jpg
1008,18.696320613246645,65.65337710384397,17.560898041023677,2.869,298,2024-11-20 15:55:42,1013.9230921165087,t,20.9,19,298,2.869,4.59,3.81,1564,3,56835,https://solar-tracker-images.s3.us-east-2.amazonaws.com/weather_images/2024-11-20T21-55-46-596Z_image.jpg
1009,18.665825989149745,65.59848678046954,17.501525238128792,1.148,33,2024-11-20 15:56:47,1013.9556926681092,t,21,19,33,1.148,2.55,3.81,1555,3,56604,https://solar-tracker-images.s3.us-east-2.amazonaws.com/weather_images/2024-11-20T21-56-50-823Z_image.jpg
1010,18.574342179723317,65.43381592350197,17.599732704082978,1.148,288,2024-11-20 15:57:51,1013.8640449200284,t,21.1,18,288,1.148,2.04,3.81,1555,3,56604,https://solar-tracker-images.s3.us-east-2.amazonaws.com/weather_images/2024-11-20T21-57-55-166Z_image.jpg
1011,18.691238175169566,65.64422871530522,18.075105954730994,1.275,107,2024-11-20 15:58:56,1013.9149944168327,t,21.1,18,107,1.275,2.55,3.81,1546,3,56336,https://solar-tracker-images.s3.us-east-2.amazonaws.com/weather_images/2024-11-20T21-58-59-568Z_image.jpg
1012,18.4828584645933,65.26914523626795,17.48797106250897,0.446,295,2024-11-20 16:00:00,1013.9617688150415,t,21.1,19,295,0.446,1.53,3.81,1542,3,56229,https://solar-tracker-images.s3.us-east-2.amazonaws.com/weather_images/2024-11-20T22-00-04-778Z_image.jpg
